Key	Item Type	Publication Year	Author	Title	DOI	Publication Title	ISBN	ISSN		Url	Date	Pages	Num Pages	Issue	Volume	Number Of Volumes	Series	Publisher	Place	Language	Rights	Library Catalog	Extra	File Attachments	Manual Tags	Automatic Tags	Series Editor
7RI36ZY5	journalArticle	1975	Curds, C. R.	A guide to the species of the genus Euplotes (Hypotrichida, Ciliatea)		Bulletin of the British Museum (Natural History) Zoology				https://biostor.org/reference/11910	1975	1-61			28							biostor.org					
M6RM26CR	journalArticle	2017	Vďačný, Peter; Foissner, Wilhelm	A huge diversity of metopids (Ciliophora, Armophorea) in soil from the Murray River floodplain, Australia. I. Description of five new species and redescription of Metopus setosus Kahl, 1927	10.1016/j.ejop.2016.12.001	Eur. J. Protistol.		0932-4739		http://dx.doi.org/10.1016/j.ejop.2016.12.001	2017-04	35-76			58								Publisher: Elsevier BV		Taxonomy; Morphology; Metopidae; Morphometry; Oral area patterns; Soil ciliates		
XHRUUDW6	journalArticle	2012	Lipscomb, Diana L; Bowditch, Brunella M; Riordan, Gavin P	A molecular and ultrastructural description of Spathidiopsis buddenbrocki and the phylogenetic position of the family Placidae (Ciliophora)	10.1111/j.1550-7408.2011.00595.x	J. Eukaryot. Microbiol.		1066-5234		http://dx.doi.org/10.1111/j.1550-7408.2011.00595.x	2012-01	67-79		1	59								Publisher: Wiley				
GYNRP238	journalArticle	2013	Shao, Chen; Pan, Xuming; Jiang, Jiamei; Ma, Honggang; Al-Rasheid, Khaled A S; Warren, Alan; Lin, Xiaofeng	A redescription of the oxytrichid Tetmemena pustulata (Müller, 1786) Eigner, 1999 and notes on morphogenesis in the marine urostylid Metaurostylopsis salina Lei et al., 2005 (Ciliophora, Hypotrichia)	10.1016/j.ejop.2012.07.003	Eur. J. Protistol.		0932-4739		http://dx.doi.org/10.1016/j.ejop.2012.07.003	2013-05	272-282		2	49								Publisher: Elsevier BV				
GKL3HV4I	journalArticle	2010	Bourland, William A; Strüder-Kypke, Michaela C	Agolohymena aspidocauda nov. gen., nov. spec., a histophagous freshwater tetrahymenid ciliate in the family Deltopylidae (Ciliophora, Hymenostomatia), from Idaho (northwest USA): morphology, ontogenesis and molecular phylogeny	10.1016/j.ejop.2010.04.003	Eur. J. Protistol.		0932-4739		http://dx.doi.org/10.1016/j.ejop.2010.04.003	2010-08	221-242		3	46								Publisher: Elsevier BV				
K3QBC8GH	journalArticle	2011	Küppers, Gabriela Cristina; Paiva, Thiago da Silva; Borges, Bárbara do Nascimento; Harada, Maria Lúcia; Garraza, Gabriela González; Mataloni, Gabriela	An Antarctic hypotrichous ciliate, Parasterkiella thompsoni (Foissner) nov. gen., nov. comb., recorded in Argentinean peat-bogs: morphology, morphogenesis, and molecular phylogeny	10.1016/j.ejop.2011.01.002	Eur. J. Protistol.		0932-4739		http://dx.doi.org/10.1016/j.ejop.2011.01.002	2011-05	103-123		2	47								Publisher: Elsevier BV				
YIVUWPTU	journalArticle	2020	Dong, Jingyi; Chen, Xumiao; Liu, Yongqiang; Ni, Bing; Fan, Xinpeng; Li, Lifang; Warren, Alan	An integrative investigation of Parabistichella variabilis (protista, Ciliophora, Hypotrichia) including its general morphology, ultrastructure, ontogenesis, and molecular phylogeny	10.1111/jeu.12809	J. Eukaryot. Microbiol.		1066-5234		http://dx.doi.org/10.1111/jeu.12809	2020-09	566-582		5	67								Publisher: Wiley		taxonomic assignment; Buccal seal; contractile vacuole pore; extrusomes; pharyngeal disks		
3RHW2UMB	journalArticle	2021	Foo, Sze Hui; Taylor, Kristian H; Messing, Charles G; Rouse, Gregory W; Tay, Teresa Stephanie; Tan, Koh Siang; Huang, Danwei	Assessing the taxonomy of Heterometra-like feather stars (Echinodermata: Crinoidea: Himerometroidea) based on morphology and molecular data	10.1080/14772000.2021.1902418	System. Biodivers.		1477-2000		http://dx.doi.org/10.1080/14772000.2021.1902418	2021-10-03	632-647		7	19								Publisher: Informa UK Limited				
L8JA7KQD	journalArticle	2021	Abraham, Jeeva Susan; Somasundaram, Sripoorna; Maurya, Swati; Gupta, Renu; Makhija, Seema; Toteja, Ravi	Characterization of <i>Euplotes lynni</i> nov. spec., <i>E. indica</i> nov. spec. and description of <i>E. aediculatus</i> and <i>E. woodruffi</i> (Ciliophora, Euplotidae) using an integrative approach	10.1016/j.ejop.2021.125779	European Journal of Protistology		0932-4739		https://www.sciencedirect.com/science/article/pii/S0932473921000146	2021-06-01	125779			79							ScienceDirect		/home/lentendug/Zotero/storage/N9A5CL3X/S0932473921000146.html		COI gene; India; ITS region; Morphology; Phylogeny; SSU rRNA gene	
58EDQJ58	book	1993	Foissner, Wilhelm	Colpodea (Ciliophora)			978-1-56081-351-4				1993		824		4/1:i-x, 1-798.		Protozoenfauna	Fischer Verlag		en		Google Books	Google-Books-ID: hZjwAAAAMAAJ			Ciliata; Science / Life Sciences / Biology / Microbiology; Colpodea; Colpoda; Science / Life Sciences / Bacteriology	
NU7KCI4K	journalArticle	1966	Diller, W. F.	Correlation of ciliary and nuclear development in the life cycle of Euplotes	10.1111/j.1550-7408.1966.tb01868.x	The Journal of Protozoology		0022-3921			1966-02	43-54		1	13					eng		PubMed	PMID: 4957998			Cell Division; Cell Nucleus; Cilia; Ciliophora; Cytoplasm	
AGHU64IJ	journalArticle	2019	Nitla, Venkatamahesh; Serra, Valentina; Fokin, Sergei I; Modeo, Letizia; Verni, Franco; Sandeep, Bhagavatula Venkata; Kalavati, Chaganti; Petroni, Giulio	Critical revision of the family Plagiopylidae (Ciliophora: Plagiopylea), including the description of two novel species, Plagiopyla ramani and Plagiopyla narasimhamurtii, and redescription of Plagiopyla nasuta Stein, 1860 from India	10.1093/zoolinnean/zly041	Zool. J. Linn. Soc.		0024-4082		http://dx.doi.org/10.1093/zoolinnean/zly041	2019-04-22	1-45		1	186								Publisher: Oxford University Press (OUP)				
ZWZBA48N	journalArticle	2018	Rataj, Matej; Vďačný, Peter	Dawn of astome ciliates in light of morphology and time-calibrated phylogeny of Haptophrya planariarum, an obligate endosymbiont of freshwater turbellarians	10.1016/j.ejop.2018.03.004	Eur. J. Protistol.		0932-4739		http://dx.doi.org/10.1016/j.ejop.2018.03.004	2018-06	54-71			64								Publisher: Elsevier BV				
ADCBQMCJ	journalArticle	2013	Foissner, Wilhelm	Description of Glaucomides bromelicola n. gen., n. sp. (Ciliophora, Tetrahymenida), a macrostome forming inhabitant of bromeliads (Bromeliaceae), including redescriptions of Glaucoma scintillans and G. reniformis	10.1111/jeu.12016	J. Eukaryot. Microbiol.		1066-5234		http://dx.doi.org/10.1111/jeu.12016	2013-03	137-157		2	60								Publisher: Wiley				
9FEI4DT4	journalArticle	2012	Omar, Atef; Foissner, Wilhelm	Description of Leptopharynx brasiliensis nov. spec. and Leptopharynx costatus gonohymen nov. subspec. (Ciliophora, Microthoracida)	10.1016/j.ejop.2011.07.002	Eur. J. Protistol.		0932-4739		http://dx.doi.org/10.1016/j.ejop.2011.07.002	2012-01	30-47		1	48								Publisher: Elsevier BV				
D9EQZ8G4	journalArticle	2016	Fotedar, Rashmi; Stoeck, Thorsten; Filker, Sabine; Fell, Jack W; Agatha, Sabine; Al Marri, Masoud; Jiang, Jiamei	Description of the Halophile Euplotes qatarensis nov. spec. (Ciliophora, Spirotrichea, Euplotida) Isolated from the Hypersaline Khor Al-Adaid Lagoon in Qatar	10.1111/jeu.12305	J. Eukaryot. Microbiol.		1066-5234		http://dx.doi.org/10.1111/jeu.12305	2016-09	578-590		5	63								Publisher: Wiley				
5NMFF2P4	journalArticle	2020	Bourland, William; Rotterová, Johana; Čepička, Ivan	Description of Three New Genera of Metopidae (Metopida, Ciliophora): Pileometopus gen. nov., Castula gen. nov., and Longitaenia gen. nov., with Notes on the Phylogeny and Cryptic Diversity of Metopid Ciliates	10.1016/j.protis.2020.125740	Protist		1434-4610		http://dx.doi.org/10.1016/j.protis.2020.125740	2020-07	125740		3	171								Publisher: Elsevier BV		phylogeny; biogeography; 18S rRNA gene.; anaerobic ciliates; Armophorea; protargol impregnation		
DJKSD2GJ	journalArticle	2017	Li, Song; Bourland, William A; Al-Farraj, Saleh A; Li, Lifang; Hu, Xiaozhong	Description of two species of caenomorphid ciliates (Ciliophora, Armophorea): Morphology and molecular phylogeny	10.1016/j.ejop.2017.08.001	Eur. J. Protistol.		0932-4739		http://dx.doi.org/10.1016/j.ejop.2017.08.001	2017-10	29-40			61								Publisher: Elsevier BV				
QYJYAW2F	journalArticle	2017	Kumar, Santosh; Bharti, Daizy; Shazib, Shahed Uddin Ahmed; Shin, Mann Kyoon	Discovery of a new hypotrich ciliate from petroleum contaminated soil	10.1371/journal.pone.0178657	PLoS One		1932-6203		http://dx.doi.org/10.1371/journal.pone.0178657	2017-06-01	e0178657		6	12								Publisher: Public Library of Science (PLoS)				
9C7LY2TH	journalArticle	2021	Cedrola, Franciane; Senra, Marcus Vinicius Xavier; Faulhaber, Francisco Romero; D'Agosto, Marta; Dias, Roberto Júnio Pedroso	Disentangling the family Blepharocorythidae (Ciliophora, Entodiniomorphida): a molecular assessment of morphological classification		System. Biodivers.					2021-07	426–437		5	19					en			Publisher: Informa UK Limited				
79ACBEWB	journalArticle	2003	Foissner, Wilhelm; Strüder-Kypke, Michaela; van der Staay, Georg W.M.; Moon-van der Staay, Seung-Yeo; Hackstein, Johannes H.P.	Endemic ciliates (Protozoa, Ciliophora) from tank bromeliads (Bromeliaceae): a combined morphological, molecular, and ecological study	10.1078/0932-4739-00005	European Journal of Protistology		9324739		http://linkinghub.elsevier.com/retrieve/pii/S093247390470111X	2003-01	365-372		4	39					en		CrossRef		/home/lentendug/Desktop/biblio/Foissner_EJProt_2003.pdf			
FR3S9XJP	journalArticle	1974	Curds, Colin Robert; Curds, Colin Robert; West, B. Jean; Dorahy, Jean E.	Euplotes rariseta sp.n. (Protozoa Ciliatea), a new small marine hypotrich	10.5962/bhl.part.22974	Bulletin of the British Museum (Natural History) Zoology				https://www.biodiversitylibrary.org/part/22974	1974	95--102			27									/home/lentendug/Zotero/storage/HMRKR43B/22974.html			
9L9Q9G6K	journalArticle	2020	Obert, Tomáš; Vďačný, Peter	Evolutionary origin and host range of Plagiotoma lumbrici (Ciliophora, Hypotrichia), an obligate gut symbiont of lumbricid earthworms	10.1111/jeu.12768	J. Eukaryot. Microbiol.		1066-5234		http://dx.doi.org/10.1111/jeu.12768	2020-03	176-189		2	67								Publisher: Wiley		ITS region; 18S and 28S rRNA genes; Dorsomarginalia; ITS2 secondary structure; Lumbricidae; Spirotrichea		
98CKTCUD	journalArticle		Foissner, Wilhelm	Faunistische und taxonomische Notizen über die Protozoen des Fuscher Tales (Salzburg, Österreich)																de		Zotero		/home/lentendug/Zotero/storage/369WXWNG/Foissner - Faunistische und taxonomische Notizen über die Pro.pdf			
99FERGCJ	journalArticle	2023	Li, Ran; Zhuang, Wenbao; Feng, Xiaochen; Hines, Hunter N; Hu, Xiaozhong	First redescription and molecular phylogeny of Trimyema claviforme Kahl, 1933 with the description of a Chinese population of Plagiopyla nasuta Stein, 1860 (Ciliophora, Plagiopylea)	10.1016/j.ejop.2023.126003	Eur. J. Protistol.		0932-4739		http://dx.doi.org/10.1016/j.ejop.2023.126003	2023-08	126003		126003	90								Publisher: Elsevier BV		SSU rRNA gene; Taxonomy; Alveolata; Morphology; Anaerobe; Ciliature		
M7U8BUY5	journalArticle	2023	Lu, Borong; Hu, Xiaozhong; Warren, Alan; Song, Weibo; Yan, Ying	From oral structure to molecular evidence: new insights into the evolutionary phylogeny of the ciliate order Sessilida (Protista, Ciliophora), with the establishment of two new families and new contributions to the poorly studied family Vaginicolidae	10.1007/s11427-022-2268-2	Sci. China Life Sci.		1674-7305		http://dx.doi.org/10.1007/s11427-022-2268-2	2023-07	1535-1553		7	66								Publisher: Springer Science and Business Media LLC		protist; phylogeny; evolutionary hypotheses; new families; peritrich ciliates		
RE9TJ27S	journalArticle	2013	Yildiz, İsmai̇l; Şenler, Naci̇ye Gülkiz	Frontonia anatolica n. sp., a new peniculid ciliate (Protista, Ciliophora) from Lake Van, Turkey	10.3906/zoo-1203-33	Turk Zool. Derg.		1300-0179		http://dx.doi.org/10.3906/zoo-1203-33	2013-01-01												Publisher: The Scientific and Technological Research Council of Turkey (TUBITAK-ULAKBIM) - DIGITAL COMMONS JOURNALS				
7AZ5S2TH	journalArticle	2016	Nguyen, Nhu H.; Song, Zewei; Bates, Scott T.; Branco, Sara; Tedersoo, Leho; Menke, Jon; Schilling, Jonathan S.; Kennedy, Peter G.	FUNGuild: An open annotation tool for parsing fungal community datasets by ecological guild	10.1016/j.funeco.2015.06.006	Fungal Ecology		1754-5048		http://www.sciencedirect.com/science/article/pii/S1754504815000847	2016-04	241-248			20							ScienceDirect	0	/home/lentendug/Zotero/storage/NDPGVS4J/Nguyen et al. - 2016 - FUNGuild An open annotation tool for parsing fung.pdf		Community ecology; Bioinformatics; Function; Guild; High-throughput sequencing; Trophic modes	
3WTZY8W3	journalArticle	2016	Foissner, Wilhelm	Heterometopus meisterfeldi nov. gen., nov. spec. (Protozoa, Ciliophora), a new metopid from Australia	10.1016/j.ejop.2015.11.005	Eur. J. Protistol.		0932-4739		http://dx.doi.org/10.1016/j.ejop.2015.11.005	2016-09	118-127		Pt B	55								Publisher: Elsevier BV		Biogeography; Morphology; Armophorea; Heterotricha; Metopidae; Pseudoblepharisma		
S6AMDCFS	journalArticle	2021	Liao, Wanying; Campello-Nunes, Pedro Henrique; Gammuto, Leandro; Abreu Viana, Tiago; de Oliveira Marchesini, Roberto; da Silva Paiva, Thiago; da Silva-Neto, Inácio Domingos; Modeo, Letizia; Petroni, Giulio	Incorporating mitogenome sequencing into integrative taxonomy: The multidisciplinary redescription of the ciliate Thuricola similis (Peritrichia, Vaginicolidae) provides new insights into the evolutionary relationships among Oligohymenophorea subclasses	10.1016/j.ympev.2021.107089	Mol. Phylogenet. Evol.		1055-7903		http://dx.doi.org/10.1016/j.ympev.2021.107089	2021-05	107089		107089	158								Publisher: Elsevier BV		Systematics; 18S rRNA gene; Phylogenomics; Mitochondrial genome; Next Generation Taxonomy; WWTP protists		
ZLHW8D38	journalArticle	2022	Li, Bailin; Song, Yumeng; Hao, Tingting; Wang, Li; Zheng, Weibin; Lyu, Zhao; Chen, Ying; Pan, Xuming	Insights into the phylogeny of the ciliate of class Colpodea based on multigene data	10.1002/ece3.9380	Ecol. Evol.		2045-7758		http://dx.doi.org/10.1002/ece3.9380	2022-10	e9380		10	12								Publisher: Wiley		ciliates; phylogeny; Colpoda; ITS1-5.8S- ITS2 rRNA gene; mtSSU-rRNA gene; SSU-rRNA gene		
L8KZEL39	journalArticle	2018		Integrative Studies on the Morphology, Morphogenesis and Molecular Phylogeny of a Soil Ciliate, Parakahliella macrostoma (Foissner, 1982) Berger et al., 1985 (Ciliophora, Hypotrichia)	10.4467/16890027ap.18.010.8984	Acta Protozool.		0065-1583		http://dx.doi.org/10.4467/16890027ap.18.010.8984	2018			2	57								Publisher: Uniwersytet Jagiellonski - Wydawnictwo Uniwersytetu Jagiellonskiego				
WGEV5LXE	journalArticle	2019	Obert, Tomáš; Vďačný, Peter	Integrative taxonomy of five astome ciliates (Ciliophora, Astomatia) isolated from earthworms in Central Europe	10.5852/ejt.2019.559	Eur. J. Taxon.		2118-9773		http://dx.doi.org/10.5852/ejt.2019.559	2019-10-01			559									Publisher: Museum National D'Histoire Naturelle				
NRLS6MAI	journalArticle	2016	Vecchi, Matteo; Vicente, Filipe; Guidetti, Roberto; Bertolani, Roberto; Rebecchi, Lorena; Cesari, Michele	Interspecific relationships of tardigrades with bacteria, fungi and protozoans, with a focus on the phylogenetic position ofPyxidium tardigradum(Ciliophora)	10.1111/zoj.12446	Zool. J. Linn. Soc.		0024-4082		http://dx.doi.org/10.1111/zoj.12446	2016-12	846-855		4	178								Publisher: Oxford University Press (OUP)				
WI7RFP2N	journalArticle		Foissner, Wilhelm	Life Cycle, Morphology, Ontogenesis, and Phylogeny of Bromeliothrix metopoides nov. gen., nov. spec., a Peculiar Ciliate (Protista, Colpodea) from Tank Bromeliads (Bromeliaceae)																en		Zotero					
I38MTQZG	journalArticle	2006	Gächter, E; Weisse, T	Local adaptation among geographically distant clones of the cosmopolitan freshwater ciliate Meseres corlissi. I. Temperature response	10.3354/ame045291	Aquatic Microbial Ecology		0948-3055, 1616-1564		http://www.int-res.com/abstracts/ame/v45/n3/p291-300/	2006-12-21	291-300			45					en		DOI.org (Crossref)					
4P5C2TZK	journalArticle	2025	Pecina, Lukáš; Rurik, Ivan; Vďačný, Peter	Macroevolutionary trends and diversification dynamics in the hindgut order Clevelandellida (Ciliophora, Armophorea)	10.1111/zsc.12701	Zool. Scr.		0300-3256		http://dx.doi.org/10.1111/zsc.12701	2025-03	253-269		2	54								Publisher: Wiley				
UICFAC9Y	journalArticle	2021	Frantal, Daniela; Agatha, Sabine; Beisser, Daniela; Boenigk, Jens; Darienko, Tatyana; Dirren-Pitsch, Gianna; Filker, Sabine; Gruber, Michael; Kammerlander, Barbara; Nachbaur, Laura; Scheffel, Ulrike; Stoeck, Thorsten; Qian, Kuimei; Weißenbacher, Birgit; Pröschold, Thomas; Sonntag, Bettina	Molecular data reveal a cryptic diversity in the genus Urotricha (Alveolata, Ciliophora, prostomatida), a key player in freshwater lakes, with remarks on morphology, food preferences, and distribution	10.3389/fmicb.2021.787290	Front. Microbiol.		1664-302X		http://dx.doi.org/10.3389/fmicb.2021.787290	2021	787290			12								Publisher: Frontiers Media SA		biogeography; cryptic species; ciliate diversity; ciliate plankton; microplankton		
ECM5BK6B	journalArticle	2017	Pan, Xuming; Shi, Zihan; Wang, Chundi; Bourland, William A; Chen, Ying; Song, Weibo	Molecular phylogeny and taxonomy of a new freshwater hymenostomatid from northeastern China, with the establishment of a new genus Anteglaucoma gen. N. (protista, Ciliophora, oligohymenophorea)	10.1111/jeu.12382	J. Eukaryot. Microbiol.		1066-5234		http://dx.doi.org/10.1111/jeu.12382	2017-09	564-572		5	64								Publisher: Wiley				
7CDVE265	book	2009		Monograph of the Amphisiellidae and Trachelostylidae (Ciliophora, Hypotricha)			978-1-4020-8916-9 978-1-4020-8917-6			http://link.springer.com/10.1007/978-1-4020-8917-6	2009				88			Springer Netherlands	Dordrecht	en	http://www.springer.com/tdm	DOI.org (Crossref)	DOI: 10.1007/978-1-4020-8917-6			ecology; Guide; protozoa; Stichotricha; systematics	
JIKJ6Q4P	book	1999	Berger, Helmut	Monograph of the Oxytrichidae (Ciliophora, Hypotrichia)			978-94-010-5958-9 978-94-011-4637-1			http://link.springer.com/10.1007/978-94-011-4637-1	1999				78		Monographiae Biologicae	Springer Netherlands	Dordrecht	en	http://www.springer.com/tdm	DOI.org (Crossref)	DOI: 10.1007/978-94-011-4637-1	/home/lentendug/Zotero/storage/8D65EHIW/Berger - 1999 - Monograph of the Oxytrichidae (Ciliophora, Hypotrichia).pdf		ecology; soil; phylogeny; classification; morphology; Biological Microscopy; biology	Dumont, H. J.; Werger, M. J. A.
WS3Z6E6X	book	2006		Monograph of the Urostyloidea (Ciliophora, Hypotricha)			978-1-4020-5272-9			http://link.springer.com/10.1007/1-4020-5273-1	2006				85		Monographiae Biologicae	Springer Netherlands	Dordrecht	en	http://www.springer.com/tdm	DOI.org (Crossref)	DOI: 10.1007/1-4020-5273-1			Ciliophora; classification; ecology; Guide; Model invertebrates; morphology; phylogeny; Protozoa; Stichotricha; Systematics	
92NTDA4M	journalArticle	2013	Lv, Zhao; Chen, Lan; Chen, Lingyun; Shao, Chen; Miao, Miao; Warren, Alan	Morphogenesis and molecular phylogeny of a new freshwater ciliate, Notohymena apoaustralis n. sp. (Ciliophora, Oxytrichidae)	10.1111/jeu.12053	J. Eukaryot. Microbiol.		1066-5234		http://dx.doi.org/10.1111/jeu.12053	2013-09	455-466		5	60								Publisher: Wiley		Limnetic; morphospecies; ontogenesis; Sporadotrichida		
KVFGIN9Q	journalArticle	2017	Wang, Jingyi; Li, Lifang; Warren, Alan; Shao, Chen	Morphogenesis and molecular phylogeny of the soil ciliate Rigidohymena quadrinucleata (Dragesco and Njine, 1971) Berger, 2011 (Ciliophora, Hypotricha, Oxytrichidae)	10.1016/j.ejop.2017.04.006	Eur. J. Protistol.		0932-4739		http://dx.doi.org/10.1016/j.ejop.2017.04.006	2017-08	1-12			60								Publisher: Elsevier BV		Molecular phylogeny; Morphogenesis; Ciliate; Hypotricha; Oxytrichidae; Rigidohymena quadrinucleata		
F4EVH3BR	journalArticle	2017	Bourland, William; Rotterová, Johana; Čepička, Ivan	Morphologic and molecular characterization of seven species of the remarkably diverse and widely distributed metopid genus Urostomides Jankowski, 1964 (Armophorea, Ciliophora)	10.1016/j.ejop.2017.07.003	Eur. J. Protistol.		0932-4739		http://dx.doi.org/10.1016/j.ejop.2017.07.003	2017-10	194-232			61								Publisher: Elsevier BV				
7N8FKXDH	journalArticle	2014	Bourland, William A; Wendell, Laura; Hampikian, Greg	Morphologic and molecular description of Metopus fuscus Kahl from North America and new rDNA sequences from seven metopids (Armophorea, Metopidae)	10.1016/j.ejop.2014.01.002	Eur. J. Protistol.		0932-4739		http://dx.doi.org/10.1016/j.ejop.2014.01.002	2014-06	213-230		3	50								Publisher: Elsevier BV		Armophorida; Brachonella; Anaerobic ciliates; Cortical granules; Morphospecies; Silver impregnation		
JA5UV4F9	journalArticle	2020	Li, Ming; Hu, Guangran; Li, Can; Zhao, Wei-Shan; Zou, Hong; Li, Wen-Xiang; Wu, Shan-Gong; Wang, Gui-Tang; Ponce-Gordo, Francisco	Morphological and molecular characterization of a new ciliate Nyctotheroides grimi n. sp. (Armophorea, Clevelandellida) from Chinese frogs	10.1016/j.actatropica.2020.105531	Acta Trop.		0001-706X		http://dx.doi.org/10.1016/j.actatropica.2020.105531	2020-08	105531		105531	208								Publisher: Elsevier BV		Scanning electron microscopy; SSU rRNA gene; Phylogenetic analysis; ITS region; Nyctotheroides grimi n. sp.; Optical microscopy		
FPJWRYQ3	journalArticle	2009	Foissner, Wilhelm; Stoeck, Thorsten	Morphological and molecular characterization of a new protist family, Sandmanniellidae n. fam. (Ciliophora, Colpodea), with description of Sandmanniella terricola n. g., n. sp. from the Chobe floodplain in Botswana	10.1111/j.1550-7408.2009.00429.x	J. Eukaryot. Microbiol.		1066-5234		http://dx.doi.org/10.1111/j.1550-7408.2009.00429.x	2009-09	472-483		5	56								Publisher: Wiley				
S6FNCGXH	journalArticle	2014	Fan, Xinpeng; Ma, Rui; Al-Farraj, Saleh A; Gu, Fukang	Morphological and molecular characterization of Parafurgasonia zhangi spec. nov. and Chilodonella acuta Kahl, 1931 (Protozoa, Ciliophora), from a soil habitat of Saudi Arabia	10.1099/ijs.0.062026-0	Int. J. Syst. Evol. Microbiol.		1466-5026		http://dx.doi.org/10.1099/ijs.0.062026-0	2014-07	2385-2394		Pt 7	64								Publisher: Microbiology Society				
TE7T8YNE	journalArticle	2015	Qu, Zhishuai; Pan, Hongbo; Al-Rasheid, Khaled A S; Hu, Xiaozhong; Gao, Shan	Morphological and phylogenetic studies on three members of the genus Pseudochilodonopsis (Ciliophora, Cyrtophoria) isolated from brackish waters in China, including a novel species, Pseudochilodonopsis quadrivacuolata sp. nov	10.1099/ijsem.0.000580	Int. J. Syst. Evol. Microbiol.		1466-5026		http://dx.doi.org/10.1099/ijsem.0.000580	2015-12	4323-4334		12	65								Publisher: Microbiology Society				
L2VJ7WEP	journalArticle	2016	Chen, Xiangrui; Shazib, Shahed Uddin Ahmed; Kim, Ji Hye; Jang, Seok Won; Shin, Mann Kyoon	Morphological Description and Molecular Phylogeny of Two Species of Levicoleps (Ciliophora, Prostomatida), L. taehwae nov. spec. and L. biwae jejuensis nov. subspec., collected in Korea	10.1111/jeu.12291	J. Eukaryot. Microbiol.		1066-5234		http://dx.doi.org/10.1111/jeu.12291	2016-07	471-480		4	63								Publisher: Wiley				
IKD577QI	journalArticle	1981	FOISSNER, W; H, ADAM	MORPHOLOGIE UND INFRACILIATUR VON PARAFURGASONIA SOREX (PENARD, 1922) NOV. GEN. UND OBERTRUMIA GEORGIANA (DRAGESCO, 1972) NOV. GEN. (PROTOZOA: CILIOPHORA)							1981													/home/lentendug/Zotero/storage/8WZVM9M7/index.html			
PSX86G9N	journalArticle	2013	Fernandes, Noemi Mendes; Dias, Roberto Júnio Pedroso; Senra, Marcus Vinicius Xavier; Soares, Carlos Augusto Gomes; da Silva Neto, Inácio Domingos	Morphology and 18S rDNA gene sequence of Blepharisma sinuosum Sawaya, 1940 (Ciliophora: Heterotrichea) from Brazil	10.1016/j.ejop.2013.04.003	Eur. J. Protistol.		0932-4739		http://dx.doi.org/10.1016/j.ejop.2013.04.003	2013-11	623-633		4	49								Publisher: Elsevier BV		Ciliophora; Brazil; 18S rDNA; Morphology; Blepharisma; Macronucleus		
KYG9JI9F	journalArticle	2006	Gupta, Renu; Kamra, Komal; Sapra, G R	Morphology and cell division of the oxytrichids Architricha indica nov. gen., nov. sp., and Histriculus histrio (Müller, 1773), Corliss, 1960 (Ciliophora, Hypotrichida)	10.1016/j.ejop.2005.09.004	Eur. J. Protistol.		0932-4739		http://dx.doi.org/10.1016/j.ejop.2005.09.004	2006-03	29-48		1	42								Publisher: Elsevier BV				
VCBSJX5K	journalArticle	2008	Foissner, Wilhelm; Kusuoka, Yasushi; Shimano, Satoshi	Morphology and gene sequence of Levicoleps biwae n. gen., n. sp. (Ciliophora, Prostomatida), a proposed endemic from the ancient Lake Biwa, Japan	10.1111/j.1550-7408.2008.00323.x	J. Eukaryot. Microbiol.		1066-5234		http://dx.doi.org/10.1111/j.1550-7408.2008.00323.x	2008-05	185-200		3	55								Publisher: Wiley				
LX6DZXFF	journalArticle	1988	Foissner, Wilhelm; Skogstad, Asbjørn; Pratt, James R	Morphology and Infraciliature of Trochiliopsis australis N. Sp., Pelagohalteria viridis (Fromentel, 1876) N. G., N. Comb., and Strobilidium lacustris N. Sp. (Protozoa, Ciliophora)1	10.1111/j.1550-7408.1988.tb04135.x	J. Protozool.		0022-3921		http://dx.doi.org/10.1111/j.1550-7408.1988.tb04135.x	1988-11	489-497		4	35								Publisher: Wiley				
8AETUE8X	journalArticle	2012	Chen, Xiangrui; Hu, Xiaozhong; Gong, Jun; Al-Rasheid, Khaled A S; Al-Farraj, Saleh A; Song, Weibo	Morphology and infraciliature of two new marine ciliates, Paracyrtophoron tropicum nov. gen., nov. spec. and Aegyria rostellum nov. spec. (Ciliophora, Cyrtophorida), isolated from tropical waters in southern China	10.1016/j.ejop.2011.07.005	Eur. J. Protistol.		0932-4739		http://dx.doi.org/10.1016/j.ejop.2011.07.005	2012-01	63-72		1	48								Publisher: Elsevier BV				
Y72IBEU8	journalArticle	2017	Qu, Zhishuai; Ma, Honggang; Al-Farraj, Saleh A; Lin, Xiaofeng; Hu, Xiaozhong	Morphology and molecular phylogeny of Aegyria foissneri sp. n. and Lynchella minuta sp. n. (Ciliophora, Cyrtophoria) from brackish waters of southern China	10.1016/j.ejop.2016.10.003	Eur. J. Protistol.		0932-4739		http://dx.doi.org/10.1016/j.ejop.2016.10.003	2017-02	50-60			57								Publisher: Elsevier BV		SSU rDNA; Morphology; Aegyria; Cyrtophorians; Lynchella		
8X8SS2QC	journalArticle	2021	Zhuang, Wenbao; Li, Song; Bai, Yang; Zhang, Tengteng; Al-Rasheid, Khaled A S; Hu, Xiaozhong	Morphology and molecular phylogeny of the anaerobic freshwater ciliate Urostomides spinosus nov. spec. (Ciliophora, Armophorea, Metopida) from China	10.1016/j.ejop.2021.125823	Eur. J. Protistol.		0932-4739		http://dx.doi.org/10.1016/j.ejop.2021.125823	2021-10	125823		125823	81								Publisher: Elsevier BV		SSU rDNA; Anaerobe; Apometopidae; Ciliary pattern; New species		
CCMSPL7Z	journalArticle	2015	Qu, Zhishuai; Pan, Hongbo; Hu, Xiaozhong; Li, Jiqiu; Al-Farraj, Saleh A; Al-Rasheid, Khaled A S; Yi, Zhenzhen	Morphology and Molecular Phylogeny of Three Cyrtophorid Ciliates (Protozoa, Ciliophora) from China, Including Two New Species, Chilodonella parauncinata sp. n. and Chlamydonella irregularis sp. n	10.1111/jeu.12175	J. Eukaryot. Microbiol.		1066-5234		http://dx.doi.org/10.1111/jeu.12175	2015-05	267-279		3	62								Publisher: Wiley		taxonomy; ciliate; Chlamydodontida; infraciliature; small subunit rRNA gene		
82DJK3ZQ	journalArticle	2015	Jo, Euna; Jung, Jae-Ho; Min, Gi-Sik	Morphology and molecular phylogeny of two new brackish water ciliates of Bakuella (Ciliophora: Urostylida: Bakuellidae) from South Korea	10.1111/jeu.12238	J. Eukaryot. Microbiol.		1066-5234		http://dx.doi.org/10.1111/jeu.12238	2015-11	799-809		6	62								Publisher: Wiley		new species; SSU rRNA gene; Bakuella incheonensis; Bakuella litoralis; ciliature		
J9T7KQQM	journalArticle	2019	Kim, Kang-San; Jung, Jae-Ho; Min, Gi-Sik	Morphology and Molecular Phylogeny of Two New Terrestrial Ciliates, Australocirrus rubrus n. sp. and Notohymena gangwonensis n. sp. (Ciliophora: Oxytrichidae), from South Korea	10.1111/jeu.12718	J. Eukaryot. Microbiol.		1066-5234		http://dx.doi.org/10.1111/jeu.12718	2019-09	740-751		5	66								Publisher: Wiley		Cyrtohymenides; dorsal ciliature; soil ciliate; SSU rRNA gene sequence		
KXBBG2HE	journalArticle	1999	Foissner, Wilhelm; Agatha, Sabine	Morphology and Morphogenesis of <i>Metopus hasei</i> Sondheim, 1929 and <i>M. inversus</i> (Jankowski, 1964) nov. comb. (Ciliophora, Metopida)		J. Eukaryot. Microbiol.					1999-03	174–193		2	46					en	http://onlinelibrary.wiley.com/termsAndConditions#vor		Publisher: Wiley				
G9P4L7J2	journalArticle	1988	Wiackowski, Krzysztof	Morphology and morphogenesis of a new species in the genusPseudourostyla(Hypotrichida, Ciliophora)	10.1080/00222938800770671	J. Nat. Hist.		0022-2933		http://dx.doi.org/10.1080/00222938800770671	1988-08	1085-1094		4	22								Publisher: Informa UK Limited				
P3JCI7GY	journalArticle	2013	Chen, Xumiao; Yan, Ying; Hu, Xiaozhong; Zhu, Mingzhuang; Ma, Honggang; Warren, Alan	Morphology and morphogenesis of a soil ciliate, Rigidohymena candens (Kahl, 1932) Berger, 2011 (Ciliophora, Hypotricha, Oxytrichidae), with notes on its molecular phylogeny based on small-subunit rDNA sequence data	10.1099/ijs.0.048611-0	Int. J. Syst. Evol. Microbiol.		1466-5026		http://dx.doi.org/10.1099/ijs.0.048611-0	2013-05	1912-1921		Pt 5	63								Publisher: Microbiology Society				
3HBKP5VV	journalArticle	1999	Foissner, Wilhelm; Agatha, Sabine	Morphology and Morphogenesis of Metopus hasei Sondheim, 1929 and M. inversus (Jankowski, 1964) nov. comb. (Ciliophora, Metopida)	10.1111/j.1550-7408.1999.tb04602.x	J. Eukaryot. Microbiol.		1066-5234		http://dx.doi.org/10.1111/j.1550-7408.1999.tb04602.x	1999-03	174-193		2	46								Publisher: Wiley				
R9IAGFI3	journalArticle	2000	Olmo, José L	Morphology and morphogenesis of Uroleptus lepisma (Wenzel, 1953) Foissner, 1998 (Ciliophora, Hypotrichida)	10.1016/s0932-4739(00)80043-7	Eur. J. Protistol.		0932-4739		http://dx.doi.org/10.1016/s0932-4739(00)80043-7	2000-12	379-386		4	36								Publisher: Elsevier BV				
N9VA9NYY	journalArticle	2010	Küppers, Gabriela C; Claps, María C	Morphology and notes on morphogenesis during cell division of Deviata polycirrata n. sp. and of Deviata bacilliformis (Gelei, 1954) Eigner, 1995 (Ciliophora: Kahliellidae) from Argentina	10.1111/j.1550-7408.2010.00474.x	J. Eukaryot. Microbiol.		1066-5234		http://dx.doi.org/10.1111/j.1550-7408.2010.00474.x	2010-05	273-284		3	57								Publisher: Wiley				
CU3ASLBJ	journalArticle	2009	Foissner, Wilhelm; Wolf, Klaus W	Morphology and ontogenesis of Platyophrya bromelicola nov. spec., a new macrostome-forming colpodid (Protists, Ciliophora) from tank bromeliads of Jamaica	10.1016/j.ejop.2008.07.003	Eur. J. Protistol.		0932-4739		http://dx.doi.org/10.1016/j.ejop.2008.07.003	2009-05	87-97		2	45								Publisher: Elsevier BV				
4H28BRUY	journalArticle	2014	Heber, Domingo; Stoeck, Thorsten; Foissner, Wilhelm	Morphology and ontogenesis of Psilotrichides hawaiiensis nov. gen., nov. spec. and molecular phylogeny of the Psilotrichidae (Ciliophora, Hypotrichia)	10.1111/jeu.12104	J. Eukaryot. Microbiol.		1066-5234		http://dx.doi.org/10.1111/jeu.12104	2014-05	260-277		3	61								Publisher: Wiley		Biodiversity; development of oral primordium in a deep pouch; Hawaiian archipelago; Japanese rice field; migrating kinetofragment; oral pattern; revision		
G9YMMJIP	journalArticle	2014	Chen, Ying; Zhao, Yan; Pan, Xuming; Ding, Wenqiao; Al-Rasheid, Khaled A S; Qiu, Zijian	Morphology and Phylogeny of a New Frontonia Ciliate, F. paramagna spec. nov. (Ciliophora, Peniculida) from Harbin, Northeast China	10.11646/zootaxa.3827.3.7	Zootaxa		1175-5326		http://dx.doi.org/10.11646/zootaxa.3827.3.7	2014-07-04	375-386		3	3827												
NAHJPNL9	journalArticle	2018	Lewis, William H; Sendra, Kacper M; Embley, T Martin; Esteban, Genoveva F	Morphology and Phylogeny of a New Species of Anaerobic Ciliate, Trimyema finlayi n. sp., with Endosymbiotic Methanogens	10.3389/fmicb.2018.00140	Front. Microbiol.		1664-302X		http://dx.doi.org/10.3389/fmicb.2018.00140	2018-02-19				9								Publisher: Frontiers Media SA				
CJSSBH4M	journalArticle	2012	Bourland, William A; Hampikian, Greg; Vďačný, Peter	Morphology and phylogeny of a new woodruffiid ciliate, Etoschophrya inornata sp. n. (Ciliophora, Colpodea, Platyophryida), with an account on evolution of platyophryids	10.1111/j.1463-6409.2012.00539.x	Zool. Scr.		0300-3256		http://dx.doi.org/10.1111/j.1463-6409.2012.00539.x	2012-07	400-416		4	41								Publisher: Wiley				
JURBIPGG	journalArticle	2018	Yıldız, İsmail	Morphology and phylogeny of Apertospathula oktemae n. sp. (Ciliophora, Haptoria, Spathidiida) from Lake Van, Turkey	10.1016/j.ejop.2018.06.001	Eur. J. Protistol.		0932-4739		http://dx.doi.org/10.1016/j.ejop.2018.06.001	2018-10	1-8			66								Publisher: Elsevier BV				
JBBAGX94	journalArticle	2014	Bourland, William A; Wendell, Laura; Hampikian, Greg; Vďačný, Peter	Morphology and phylogeny of Bryophryoides ocellatus n. g., n. sp. (Ciliophora, Colpodea) from in situ soil percolates of Idaho, U.S.A	10.1016/j.ejop.2013.09.001	Eur. J. Protistol.		0932-4739		http://dx.doi.org/10.1016/j.ejop.2013.09.001	2014-02	47-67		1	50								Publisher: Elsevier BV		18S rRNA gene; Bryophryidae; Cortical alveoli; Silverline pattern; Single-cell PCR; Vestibulum		
PEIC33NW	journalArticle	2017	Omar, Atef; Zhang, Qianqian; Zou, Songbao; Gong, Jun	Morphology and Phylogeny of the Soil Ciliate Metopus yantaiensis n. sp. (Ciliophora, Metopida), with Identification of the Intracellular Bacteria	10.1111/jeu.12411	J. Eukaryot. Microbiol.		1066-5234		http://dx.doi.org/10.1111/jeu.12411	2017-11	792-805		6	64								Publisher: Wiley				
VPN97GSS	journalArticle	2022	Bourland, William; Pomahač, Ondřej; Čepička, Ivan	Morphology and phylogeny of two anaerobic freshwater ciliates: Brachonella comma sp. nov. and the widely distributed but little-known caenomorphid, Ludio parvulus Penard, 1922	10.1111/jeu.12892	J. Eukaryot. Microbiol.		1066-5234		http://dx.doi.org/10.1111/jeu.12892	2022-05	e12892		3	69								Publisher: Wiley		18S rRNA gene; Armophorida; anaerobic ciliates; Armophorea; Caenomorphidae; Ludioidae; Metopida		
BV6MYSYU	journalArticle	2018	Liao, Wanying; Fan, Xinpeng; Zhang, Qianqian; Xu, Yuan; Gu, Fukang	Morphology and Phylogeny of Two Novel Ciliates,Arcanisutura chongmingensisn. gen., n. sp. andNaxella paralucidan. sp. from Shanghai, China	10.1111/jeu.12431	J. Eukaryot. Microbiol.		1066-5234		http://dx.doi.org/10.1111/jeu.12431	2018-01	48-60		1	65								Publisher: Wiley				
L8SCGDDA	journalArticle	2011	He, Yingying; Xu, Kuidong	Morphology and small subunit rDNA phylogeny of a new soil ciliate, Bistichella variabilis n. sp. (Ciliophora, Stichotrichia)	10.1111/j.1550-7408.2011.00554.x	J. Eukaryot. Microbiol.		1066-5234		http://dx.doi.org/10.1111/j.1550-7408.2011.00554.x	2011-07	332-338		4	58								Publisher: Wiley				
NYBKC7G2	journalArticle	2019	Lian, Chunyu; Zhang, Tengteng; Al-Rasheid, Khaled A S; Yu, Yuhe; Jiang, Jiamei; Huang, Jie	Morphology and SSU rDNA-based phylogeny of two Euplotes species from China: E. wuhanensis sp. n. and E. muscicola Kahl, 1932 (Ciliophora, Euplotida)	10.1016/j.ejop.2018.10.001	Eur. J. Protistol.		0932-4739		http://dx.doi.org/10.1016/j.ejop.2018.10.001	2019-02	1-14			67								Publisher: Elsevier BV		Soil microbiology; Ciliates; Taxonomy; Protist biodiversity; rRNA gene sequences; Silverline system		
TRER7CEW	journalArticle	2022	Tang, Qiuyue; Shao, Chen; Jin, Didi; Warren, Alan; Wang, Jingyi; Li, Jingbao	Morphology, cell division, and phylogeny of Notohymena antarctica Foissner, 1996 and Engelmanniella mobilis (Engelmann, 1862) Foissner, 1982 (Ciliophora, Hypotrichia)	10.1016/j.ejop.2022.125879	Eur. J. Protistol.		0932-4739		http://dx.doi.org/10.1016/j.ejop.2022.125879	2022-06	125879		125879	84								Publisher: Elsevier BV		Ciliates; Molecular phylogeny; Engelmanniella; Hypotrichia; Notohymena; Ontogenesis		
F2M25VLT	journalArticle	2018	Lu, Xiaoteng; Huang, Jie; Shao, Chen; Berger, Helmut	Morphology, cell-division, and phylogeny of Schmidingerothrix elongata spec. nov. (Ciliophora, Hypotricha), and brief guide to hypotrichs with Gonostomum -like oral apparatus	10.1016/j.ejop.2017.11.001	Eur. J. Protistol.		0932-4739		http://dx.doi.org/10.1016/j.ejop.2017.11.001	2018-02	24-42			62								Publisher: Elsevier BV				
JDAQKFAV	journalArticle	2013	Li, Fengchao; Xing, Yi; Li, Jiamei; Al-Rasheid, Khaled A S; He, Songke; Shao, Chen	Morphology, morphogenesis and small subunit rRNA gene sequence of a soil hypotrichous ciliate, Perisincirra paucicirrata (Ciliophora, Kahliellidae), from the shoreline of the Yellow River, North China	10.1111/jeu.12029	J. Eukaryot. Microbiol.		1066-5234		http://dx.doi.org/10.1111/jeu.12029	2013-05	247-256		3	60								Publisher: Wiley				
T7ZALQ94	journalArticle	2014	Kumar, Santosh; Bharti, Daizy; Marinsalti, Silvia; Insom, Emilio; La Terza, Antonietta	"Morphology, morphogenesis, and molecular phylogeny of Paraparentocirrus sibillinensis n. gen., n. sp., a ""Stylonychine Oxytrichidae"" (Ciliophora, Hypotrichida) without transverse cirri"	10.1111/jeu.12103	J. Eukaryot. Microbiol.		1066-5234		http://dx.doi.org/10.1111/jeu.12103	2014-05	247-259		3	61								Publisher: Wiley		soil ciliates; Italian fauna; Beech forest; flexible/rigid body; Sibillini Park		
WJNJ73GI	journalArticle	2015	Bourland, William A	Morphology, ontogenesis and molecular characterization of Atractos contortus Vörösváry, 1950 and Stichotricha aculeata Wrzesniowskiego, 1866 (Ciliophora, Stichotrichida) with consideration of their systematic positions	10.1016/j.ejop.2015.06.004	Eur. J. Protistol.		0932-4739		http://dx.doi.org/10.1016/j.ejop.2015.06.004	2015-10	351-373		5	51								Publisher: Elsevier BV		Phylogeny; Dorsomarginalia; Canada; Morphogenesis; Spirofilidae; Uroleptus		
TJ5Y5JC4	journalArticle	2014	Foissner, Wilhelm; Jung, Jae-Ho; Filker, Sabine; Rudolph, Jennifer; Stoeck, Thorsten	Morphology, ontogenesis and molecular phylogeny of Platynematum salinarum nov. spec., a new scuticociliate (Ciliophora, Scuticociliatia) from a solar saltern	10.1016/j.ejop.2013.10.001	Eur. J. Protistol.		0932-4739		http://dx.doi.org/10.1016/j.ejop.2013.10.001	2014-04	174-184		2	50								Publisher: Elsevier BV		Biodiversity; Cinetochilidae; Extremophile ciliates; Hypersaline ciliates; Platynematum marinum; Portugal		
97IWBG2A	journalArticle	2013	Jiang, Jiamei; Huang, Jie; Li, Liqiong; Shao, Chen; Al-Rasheid, Khaled A S; Al-Farraj, Saleh A; Chen, Zigui	Morphology, ontogeny, and molecular phylogeny of two novel bakuellid-like hypotrichs (Ciliophora: Hypotrichia), with establishment of two new genera	10.1016/j.ejop.2012.05.003	Eur. J. Protistol.		0932-4739		http://dx.doi.org/10.1016/j.ejop.2012.05.003	2013-01	78-92		1	49								Publisher: Elsevier BV				
2ZXPBBY6	journalArticle	2013	Modeo, Letizia; Fokin, Sergei I; Boscaro, Vittorio; Andreoli, Ilaria; Ferrantini, Filippo; Rosati, Giovanna; Verni, Franco; Petroni, Giulio	Morphology, ultrastructure, and molecular phylogeny of the ciliate Sonderia vorax with insights into the systematics of order Plagiopylida	10.1186/1471-2180-13-40	BMC Microbiol.		1471-2180		http://dx.doi.org/10.1186/1471-2180-13-40	2013-02-18	40			13												
NPBHFR24	journalArticle	2007	Julian Schwarz, M V; Zuendorf, Alexandra; Stoeck, Thorsten	Morphology, ultrastructure, molecular phylogeny, and autecology of Euplotes elegans Kahl, 1932 (Hypotrichida; Euplotidae) isolated from the anoxic Mariager Fjord, Denmark	10.1111/j.1550-7408.2007.00243.x	J. Eukaryot. Microbiol.		1066-5234		http://dx.doi.org/10.1111/j.1550-7408.2007.00243.x	2007-03	125-136		2	54								Publisher: Wiley				
BJE5ETVF	journalArticle	2018		New discoveries of the genus Thuricola Kent, 1881 (Ciliophora, Peritrichia, Vaginicolidae), with descriptions of three poorly known species from China	10.4467/16890027ap.18.011.8985	Acta Protozool.		0065-1583		http://dx.doi.org/10.4467/16890027ap.18.011.8985	2018			2	57								Publisher: Uniwersytet Jagiellonski - Wydawnictwo Uniwersytetu Jagiellonskiego				
NN9ZFK9E	journalArticle	2014	Foissner, Wilhelm; Bourland, William A; Wolf, Klaus W; Stoeck, Thorsten; Dunthorn, Micah	New SSU-rDNA sequences for eleven colpodeans (Ciliophora, Colpodea) and description of Apocyrtolophosis nov. gen	10.1016/j.ejop.2013.09.003	Eur. J. Protistol.		0932-4739		http://dx.doi.org/10.1016/j.ejop.2013.09.003	2014-02	40-46		1	50								Publisher: Elsevier BV		Colpoda; Soil ciliates; Cyrtolophosis minor; Jaroschia sumptuosa; Kalometopia duplicata; Tank bromeliad ciliates		
GYIHSFJ8	journalArticle	2013	Pan, Ying; Li, Jiamei; Li, Lifang; Hu, Xiaozhong; Al-Rasheid, Khaled A S; Warren, Alan	Ontogeny and molecular phylogeny of a new marine ciliate genus, Heterokeronopsis g. n. (Protozoa, Ciliophora, Hypotricha), with description of a new species	10.1016/j.ejop.2012.08.008	Eur. J. Protistol.		0932-4739		http://dx.doi.org/10.1016/j.ejop.2012.08.008	2013-05	298-311		2	49								Publisher: Elsevier BV				
TIQLKB9E	journalArticle	2024	Feng, Xiaochen; Zhuang, Wenbao; Li, Ran; Hu, Xiaozhong	Ontogeny and phylogeny of the anaerobic genus Urostomides with supplementing morphological characterization of the type and one little-known species (Alveolata: Ciliophora: Armophorea)	10.1093/zoolinnean/zlae055	Zool. J. Linn. Soc.		0024-4082		http://dx.doi.org/10.1093/zoolinnean/zlae055	2024-05-24												Publisher: Oxford University Press (OUP)				
B8P8CBT4	journalArticle	2021	Karpov, Sergey A; Reñé, Albert; Vishnyakov, Andrey E; Seto, Kensuke; Alacid, Elisabet; Paloheimo, Aurora; Kagami, Maiko; Kremp, Anke; Garcés, Esther	Parasitoid chytridiomycete Ericiomyces syringoforeus gen. et sp. nov. has unique cellular structures to infect the host	10.1007/s11557-020-01652-x	Mycol. Prog.		1617-416X		http://dx.doi.org/10.1007/s11557-020-01652-x	2021-02	95-109		2	20								Publisher: Springer Science and Business Media LLC				
AH2H2ST5	journalArticle	2015	Wu, Lei; Clamp, John C; Yi, Zhenzhen; Li, Jiqiu; Lin, Xiaofeng	Phylogenetic and taxonomic revision of an enigmatic group of haptorian ciliates, with establishment of the kentrophyllidae fam. N. (protozoa, Ciliophora, litostomatea, pleurostomatida)	10.1371/journal.pone.0123720	PLoS One		1932-6203		http://dx.doi.org/10.1371/journal.pone.0123720	2015-05-06	e0123720		5	10								Publisher: Public Library of Science (PLoS)				
X4VLISBP	journalArticle	2009	Dunthorn, Micah; Eppinger, Marion; Schwarz, M V Julian; Schweikert, Michael; Boenigk, Jens; Katz, Laura A; Stoeck, Thorsten	Phylogenetic placement of the Cyrtolophosididae Stokes, 1888 (Ciliophora; Colpodea) and neotypification of Aristerostoma marinum Kahl, 1931	10.1099/ijs.0.000935-0	Int. J. Syst. Evol. Microbiol.		1466-5026		http://dx.doi.org/10.1099/ijs.0.000935-0	2009-01	167-180		Pt 1	59								Publisher: Microbiology Society				
JNDXBGAL	journalArticle	2011	Chen, Xumiao; Clamp, John C; Song, Weibo	Phylogeny and systematic revision of the family Pseudokeronopsidae (Protista, Ciliophora, Hypotricha), with description of a new estuarine species of Pseudokeronopsis	10.1111/j.1463-6409.2011.00492.x	Zool. Scr.		0300-3256		http://dx.doi.org/10.1111/j.1463-6409.2011.00492.x	2011-11	659-671		6	40								Publisher: Wiley				
UJCDZ5WF	journalArticle	2019	Luo, Xiaotian; Huang, Jie A; Li, Lifang; Song, Weibo; Bourland, William A	Phylogeny of the ciliate family Psilotrichidae (Protista, Ciliophora), a curious and poorly-known taxon, with notes on two algae-bearing psilotrichids from Guam, USA	10.1186/s12862-019-1450-z	BMC Evol. Biol.		1471-2148		http://dx.doi.org/10.1186/s12862-019-1450-z	2019-06-18	125		1	19								Publisher: Springer Science and Business Media LLC		18S rRNA gene; Biogeography; Biodiversity; Protist; Algal symbionts; Ciliate; Hemiholosticha		
Q88739VE	journalArticle	2017	Park, Kyung-Min; Jung, Jae-Ho; Min, Gi-Sik; Kim, Sanghee	Pseudonotohymena antarctica n. g., n. sp. (Ciliophora, Hypotricha), a New Species from Antarctic Soil	10.1111/jeu.12381	J. Eukaryot. Microbiol.		1066-5234		http://dx.doi.org/10.1111/jeu.12381	2017-07	447-456		4	64								Publisher: Wiley				
N7CKRVJL	journalArticle	2018	Xu, Yuan; Gao, Feng; Fan, Xinpeng	Reconsideration of the systematics of Peniculida (Protista, Ciliophora) based on SSU rRNA gene sequences and new morphological features of Marituja and Disematostoma	10.1007/s10750-017-3371-4	Hydrobiologia		0018-8158		http://dx.doi.org/10.1007/s10750-017-3371-4	2018-01	313-331		1	806								Publisher: Springer Science and Business Media LLC				
TSRRQKPD	journalArticle	2017	Bourland, William; Rotterova, Johana; Čepička, Ivan	Redescription and molecular phylogeny of the type species for two main metopid genera, Metopus es (Müller, 1776) Lauterborn, 1916 and Brachonella contorta (Levander, 1894) Jankowski, 1964 (Metopida, Ciliophora), based on broad geographic sampling	10.1016/j.ejop.2016.11.002	Eur. J. Protistol.		0932-4739		http://dx.doi.org/10.1016/j.ejop.2016.11.002	2017-06	133-154			59								Publisher: Elsevier BV		18S rRNA gene; Phylogeny; Armophorida; Metopidae; Anaerobic ciliates; Protargol		
BK3VJKMR	journalArticle	2014	Bourland, William A; Wendell, Laura	Redescription of Atopospira galeata (Kahl, 1927) nov. comb. and A. violacea (Kahl, 1926) nov. comb. with redefinition of Atopospira Jankowski, 1964 nov. stat. and Brachonella Jankowski, 1964 (Ciliophora, Armophorida)	10.1016/j.ejop.2014.05.004	Eur. J. Protistol.		0932-4739		http://dx.doi.org/10.1016/j.ejop.2014.05.004	2014-08	356-372		4	50								Publisher: Elsevier BV		Phylogeny; Adoral membranelle; Armophorida; Brachonella; Metopus; Paroral membrane		
88RVX397	journalArticle	1992	Fernández-Galiano, D; Calvo, P	Redescription of Phacodinium metchnikoffi (Ciliophora, Hypotrichida): general morphology and taxonomic position	10.1111/j.1550-7408.1992.tb04829.x	J. Protozool.		0022-3921		http://dx.doi.org/10.1111/j.1550-7408.1992.tb04829.x	1992-07	443-448		4	39								Publisher: Wiley				
8RELRQB9	journalArticle	2019	Adl, Sina M.; Bass, David; Lane, Christopher E.; Lukeš, Julius; Schoch, Conrad L.; Smirnov, Alexey; Agatha, Sabine; Berney, Cedric; Brown, Matthew W.; Burki, Fabien; Cárdenas, Paco; Čepička, Ivan; Chistyakova, Lyudmila; Campo, Javier del; Dunthorn, Micah; Edvardsen, Bente; Eglit, Yana; Guillou, Laure; Hampl, Vladimír; Heiss, Aaron A.; Hoppenrath, Mona; James, Timothy Y.; Karnkowska, Anna; Karpov, Sergey; Kim, Eunsoo; Kolisko, Martin; Kudryavtsev, Alexander; Lahr, Daniel J. G.; Lara, Enrique; Gall, Line Le; Lynn, Denis H.; Mann, David G.; Massana, Ramon; Mitchell, Edward A. D.; Morrow, Christine; Park, Jong Soo; Pawlowski, Jan W.; Powell, Martha J.; Richter, Daniel J.; Rueckert, Sonja; Shadwick, Lora; Shimano, Satoshi; Spiegel, Frederick W.; Torruella, Guifré; Youssef, Noha; Zlatogursky, Vasily; Zhang, Qianqian	Revisions to the classification, nomenclature, and diversity of eukaryotes	10.1111/jeu.12691	Journal of Eukaryotic Microbiology		1550-7408		https://onlinelibrary.wiley.com/doi/abs/10.1111/jeu.12691	2019	4-119		1	66					en	© 2018 The Authors Journal of Eukaryotic Microbiology published by Wiley Periodicals, Inc. on behalf of International Society of Protistologists	Wiley Online Library	0	/home/lentendug/Zotero/storage/5H924ZB5/Adl et al. - 2019 - Revisions to the Classification, Nomenclature, and.pdf		biodiversity; taxonomy; ecology; protozoa; plankton; Algae; parasite; amoebae; ciliate; flagellate; fungus; microbiology; systematics	
IPIECR3P	journalArticle	2006	Foissner, Wilhelm; Stoeck, Thorsten	"Rigidothrix goiseri nov. gen., nov. spec. (Rigidotrichidae nov. fam.), a new ""flagship"" ciliate from the Niger floodplain breaks the flexibility-dogma in the classification of stichotrichine spirotrichs (Ciliophora, Spirotrichea)"	10.1016/j.ejop.2006.07.003	Eur. J. Protistol.		0932-4739		http://dx.doi.org/10.1016/j.ejop.2006.07.003	2006-11	249-267		4	42								Publisher: Elsevier BV				
M56YPHM3	journalArticle	1980	Foissner, Wilhelm	Taxonomische Studien über die Ciliaten des Großglocknergebietes (Hohe Tauern, Österreich): I. Familien Holophryidae, Prorodontidae, Plagiocampidae, Colepidae, Enchelyidae und Lacrymariidae nov. fam.		Annalen des Naturhistorischen Museums in Wien. Serie B für Botanik und Zoologie		0255-0105		https://www.jstor.org/stable/41766619	1980	49-85			84							JSTOR	Publisher: Naturhistorisches Museum				
MSGIFF8N	journalArticle	2014	Li, Fengchao; Lv, Zhao; Yi, Zhenzhen; Al-Farraj, Saleh A; Al-Rasheid, Khaled A S; Shao, Chen	Taxonomy and phylogeny of two species of the genus Deviata (Protista, Ciliophora) from China, with description of a new soil form, Deviata parabacilliformis sp. nov	10.1099/ijs.0.068031-0	Int. J. Syst. Evol. Microbiol.		1466-5026		http://dx.doi.org/10.1099/ijs.0.068031-0	2014-11	3775-3785		Pt 11	64								Publisher: Microbiology Society				
4FRTFI2S	journalArticle	1975	Lynn, Denis H	The life cycle of the histophagous ciliate Tetrahymena corlissi Thompson, 1955	10.1111/j.1550-7408.1975.tb05849.x	J. Protozool.		0022-3921		http://dx.doi.org/10.1111/j.1550-7408.1975.tb05849.x	1975-05	188-195		2	22								Publisher: Wiley				
AJBNHQ6X	journalArticle	2013	Lu, Borong; Huang, Jie; Chen, Xiangrui	The morphology and SSU rRNA gene sequence analysis of a poorly-known brackish water ciliate, Pinacocoleps tesselatus (Kahl, 1930) (Ciliophora, Colepidae) from Hangzhou Bay, China	10.11646/zootaxa.3637.2.3	Zootaxa		1175-5326		http://dx.doi.org/10.11646/zootaxa.3637.2.3	2013	123-130			3637												
8VWS3ZJK	journalArticle	1983	Paperna, I; Van As, J G	The pathology of <i>Chilodonella hexasticha</i> (Kiernik). Infections in cichlid fishes		J. Fish Biol.					1983-10	441–450		4	23					en	http://onlinelibrary.wiley.com/termsAndConditions#vor		Publisher: Wiley				
HBP8HW8F	document	2018	Cornwell, Will; Habacuc	traitecoevo/fungaltraits v0.0.3							2018							Zenodo									
VCRKIICC	journalArticle	2018	Rotterová, Johana; Bourland, William; Čepička, Ivan	Tropidoatractidae fam. Nov., a deep branching lineage of metopida (armophorea, Ciliophora) found in diverse habitats and possessing prokaryotic symbionts	10.1016/j.protis.2018.04.003	Protist		1434-4610		http://dx.doi.org/10.1016/j.protis.2018.04.003	2018-07	362-405		3	169								Publisher: Elsevier BV				
U275NEZQ	journalArticle	2021	Li, Song; Zhuang, Wenbao; Pérez-Uz, Blanca; Zhang, Qianqian; Hu, Xiaozhong	Two Anaerobic Ciliates (Ciliophora, Armophorea) from China: Morphology and SSU rDNA Sequence, with Report of a New Species, Metopus paravestitus nov. spec	10.1111/jeu.12822	J. Eukaryot. Microbiol.		1066-5234		http://dx.doi.org/10.1111/jeu.12822	2021-01	e12822		1	68								Publisher: Wiley		phylogeny; diversity; Anaerobe; Metopidae; armophorean		
MUFC2TR8	journalArticle	2022	Zhang, Gongaote; Zhao, Yan; Chi, Yong; Warren, Alan; Pan, Hongbo; Song, Weibo	Updating the phylogeny and taxonomy of pleurostomatid ciliates (Protista: Ciliophora) with establishment of a new family, a new genus and two new species	10.1093/zoolinnean/zlac028	Zool. J. Linn. Soc.		0024-4082		http://dx.doi.org/10.1093/zoolinnean/zlac028	2022-08-26	105-123		1	196								Publisher: Oxford University Press (OUP)				
EHZPVWB3	journalArticle	1990	Schulz, S; Wagener, S; Pfennig, N	Utilization of various chemotrophic and phototrophic bacteria as food by the anaerobic ciliate Trimyema compressum	10.1016/S0932-4739(11)80106-9	Eur. J. Protistol.		0932-4739		http://dx.doi.org/10.1016/S0932-4739(11)80106-9	1990-10-19	122-131		2	26								Publisher: Elsevier BV				
